{"cameraMode":{"drawMode":0,"name":"Shaded","section":"Shading Mode"},"sceneLighting":true,"audioPlay":false,"sceneViewState":{"m_AlwaysRefresh":false,"showFog":true,"showSkybox":true,"showFlares":true,"showImageEffects":true,"showParticleSystems":true,"showVisualEffectGraphs":true,"m_FxEnabled":true},"in2DMode":false,"pivot":{"x":-4.665768146514893,"y":26.357179641723634,"z":39.8938102722168},"rotation":{"x":-0.23652270436286927,"y":-0.17204688489437104,"z":0.042513858526945117,"w":-0.9553890228271484},"size":0.11364471167325974,"orthographic":false}