{"cameraMode":{"drawMode":0,"name":"Shaded","section":"Shading Mode"},"sceneLighting":true,"audioPlay":false,"sceneViewState":{"m_AlwaysRefresh":false,"showFog":true,"showSkybox":true,"showFlares":true,"showImageEffects":true,"showParticleSystems":true,"showVisualEffectGraphs":true,"m_FxEnabled":true},"in2DMode":false,"pivot":{"x":7.027250289916992,"y":33.23953628540039,"z":9.096786499023438},"rotation":{"x":0.010737302713096142,"y":0.9851758480072022,"z":-0.06612589955329895,"w":0.15823814272880555},"size":6.173064708709717,"orthographic":false}