{"cameraMode":{"drawMode":0,"name":"Shaded","section":"Shading Mode"},"sceneLighting":true,"audioPlay":false,"sceneViewState":{"m_AlwaysRefresh":false,"showFog":true,"showSkybox":true,"showFlares":true,"showImageEffects":true,"showParticleSystems":true,"showVisualEffectGraphs":true,"m_FxEnabled":true},"in2DMode":false,"pivot":{"x":3.2587804794311525,"y":3.8354122638702394,"z":-11.891359329223633},"rotation":{"x":-0.010544110089540482,"y":-0.7473781108856201,"z":0.011862991377711296,"w":-0.6642136573791504},"size":8.937237739562989,"orthographic":false}