{"cameraMode":{"drawMode":0,"name":"Shaded","section":"Shading Mode"},"sceneLighting":true,"audioPlay":false,"sceneViewState":{"m_AlwaysRefresh":false,"showFog":true,"showSkybox":true,"showFlares":true,"showImageEffects":true,"showParticleSystems":true,"showVisualEffectGraphs":true,"m_FxEnabled":true},"in2DMode":false,"pivot":{"x":-14.928253173828125,"y":24.794937133789064,"z":6.984260559082031},"rotation":{"x":0.01519616600126028,"y":0.9772408604621887,"z":-0.1984800398349762,"w":0.07415374368429184},"size":6.660348892211914,"orthographic":false}