{"cameraMode":{"drawMode":0,"name":"Shaded","section":"Shading Mode"},"sceneLighting":true,"audioPlay":false,"sceneViewState":{"m_AlwaysRefresh":false,"showFog":true,"showSkybox":true,"showFlares":true,"showImageEffects":true,"showParticleSystems":true,"showVisualEffectGraphs":true,"m_FxEnabled":true},"in2DMode":false,"pivot":{"x":8.046799659729004,"y":-0.20953552424907685,"z":-10.686206817626954},"rotation":{"x":-0.09167886525392533,"y":-0.7420907020568848,"z":0.10373371094465256,"w":-0.6558529734611511},"size":11.92704963684082,"orthographic":false}